lat,lng,city,region,country,date
44.500301,11.392129,Bologna,Emilia-Romagna,Italy,2025-11-06
45.653068,13.781488,Trieste,Friuli-Venezia Giulia,Italy,2025-11-20
45.108157,7.696806,Turin,Piedmont,Italy,2025-11-20
37.529356,15.080590,Catania,Sicily,Italy,2025-10-27
45.450518,9.143591,Milan,Lombardy,Italy,2025-10-25
45.615010,13.786842,Trieste,Friuli-Venezia Giulia,Italy,2025-10-26
38.119666,13.350644,Palermo,Sicily,Italy,2025-11-12
45.461459,9.151485,Milan,Lombardy,Italy,2025-11-04
45.508736,9.172946,Milan,Lombardy,Italy,2025-11-07
40.882114,14.250002,Naples,Campania,Italy,2025-11-04
45.444074,11.843931,Padua,Veneto,Italy,2025-11-03
43.783838,11.286912,Florence,Tuscany,Italy,2025-11-12
45.427848,9.235337,Milan,Lombardy,Italy,2025-11-19
38.179064,15.575793,Messina,Sicily,Italy,2025-11-18
45.510187,9.221634,Milan,Lombardy,Italy,2025-11-07
43.816111,11.236280,Florence,Tuscany,Italy,2025-11-17
37.518754,15.048075,Catania,Sicily,Italy,2025-11-09
45.060510,7.705669,Turin,Piedmont,Italy,2025-10-31
44.444915,8.981263,Genoa,Liguria,Italy,2025-10-30
38.161615,13.391463,Palermo,Sicily,Italy,2025-10-27
45.431099,10.966011,Verona,Veneto,Italy,2025-11-10
43.777316,11.251341,Florence,Tuscany,Italy,2025-10-26
37.491645,15.037002,Catania,Sicily,Italy,2025-11-02
44.368081,8.930764,Genoa,Liguria,Italy,2025-11-10
45.442900,9.181021,Milan,Lombardy,Italy,2025-11-19
38.224540,15.542860,Messina,Sicily,Italy,2025-11-11
44.530267,11.314144,Bologna,Emilia-Romagna,Italy,2025-11-10
45.644308,13.754811,Trieste,Friuli-Venezia Giulia,Italy,2025-11-02
38.091478,13.370848,Palermo,Sicily,Italy,2025-11-15
41.154966,16.890640,Bari,Apulia,Italy,2025-11-09
45.447927,12.269380,Venice,Veneto,Italy,2025-11-03
44.430477,8.966200,Genoa,Liguria,Italy,2025-11-16
41.922570,12.544433,Rome,Lazio,Italy,2025-11-03
45.683996,13.730582,Trieste,Friuli-Venezia Giulia,Italy,2025-11-07
45.461733,10.978532,Verona,Veneto,Italy,2025-11-15
45.030115,7.733274,Turin,Piedmont,Italy,2025-11-16
41.155476,16.920965,Bari,Apulia,Italy,2025-10-30
44.368363,8.996035,Genoa,Liguria,Italy,2025-11-14
37.518264,15.117850,Catania,Sicily,Italy,2025-11-06
45.411105,11.846826,Padua,Veneto,Italy,2025-11-05
43.767616,11.272952,Florence,Tuscany,Italy,2025-11-21
38.151393,13.377941,Palermo,Sicily,Italy,2025-10-26
45.395798,11.846972,Padua,Veneto,Italy,2025-10-31
41.928788,12.447662,Rome,Lazio,Italy,2025-10-28
45.418400,11.913933,Padua,Veneto,Italy,2025-11-13
40.824506,14.228743,Naples,Campania,Italy,2025-11-06
40.901242,14.234434,Naples,Campania,Italy,2025-11-16
38.072263,13.398772,Palermo,Sicily,Italy,2025-11-01
45.411998,10.953723,Verona,Veneto,Italy,2025-11-15
38.205782,15.573904,Messina,Sicily,Italy,2025-11-19
45.407484,10.987033,Verona,Veneto,Italy,2025-11-13
44.376077,8.898120,Genoa,Liguria,Italy,2025-10-29
38.114406,13.387942,Palermo,Sicily,Italy,2025-10-31
45.096399,7.656638,Turin,Piedmont,Italy,2025-10-25
45.614265,13.819332,Trieste,Friuli-Venezia Giulia,Italy,2025-11-10
41.114264,16.824730,Bari,Apulia,Italy,2025-10-23
37.481847,15.119800,Catania,Sicily,Italy,2025-11-03
41.921512,12.515261,Rome,Lazio,Italy,2025-10-27
45.432377,11.856352,Padua,Veneto,Italy,2025-11-16
44.383605,8.927188,Genoa,Liguria,Italy,2025-10-23
44.386210,8.980578,Genoa,Liguria,Italy,2025-11-14
45.043674,7.721629,Turin,Piedmont,Italy,2025-11-04
38.104171,13.394599,Palermo,Sicily,Italy,2025-11-18
45.037834,7.683876,Turin,Piedmont,Italy,2025-10-27
43.778306,11.244418,Florence,Tuscany,Italy,2025-11-20
37.495560,15.066129,Catania,Sicily,Italy,2025-11-04
37.460754,15.128444,Catania,Sicily,Italy,2025-11-16
37.544966,15.074476,Catania,Sicily,Italy,2025-10-25
44.388874,8.897355,Genoa,Liguria,Italy,2025-11-08
41.129875,16.863484,Bari,Apulia,Italy,2025-10-31
38.159731,15.529080,Messina,Sicily,Italy,2025-11-09
41.126493,16.894125,Bari,Apulia,Italy,2025-11-17
45.474052,12.351853,Venice,Veneto,Italy,2025-11-13
45.609348,13.765311,Trieste,Friuli-Venezia Giulia,Italy,2025-11-20
37.531390,15.115497,Catania,Sicily,Italy,2025-11-06
44.509482,11.318123,Bologna,Emilia-Romagna,Italy,2025-10-24
45.106781,7.706528,Turin,Piedmont,Italy,2025-10-31
44.502559,11.317693,Bologna,Emilia-Romagna,Italy,2025-10-26
40.824767,14.317074,Naples,Campania,Italy,2025-11-06
44.380258,8.920700,Genoa,Liguria,Italy,2025-10-31
41.857640,12.459544,Rome,Lazio,Italy,2025-10-26
45.426363,11.855095,Padua,Veneto,Italy,2025-10-26
40.828445,14.283307,Naples,Campania,Italy,2025-11-01
45.377991,11.845206,Padua,Veneto,Italy,2025-11-18
45.025284,7.644314,Turin,Piedmont,Italy,2025-11-20
38.091397,13.331902,Palermo,Sicily,Italy,2025-11-08
43.774432,11.268814,Florence,Tuscany,Italy,2025-11-16
45.657519,13.805631,Trieste,Friuli-Venezia Giulia,Italy,2025-10-29
41.911791,12.488280,Rome,Lazio,Italy,2025-10-25
45.399680,10.994261,Verona,Veneto,Italy,2025-11-19
45.380314,11.897958,Padua,Veneto,Italy,2025-11-07
45.462902,12.353701,Venice,Veneto,Italy,2025-10-24
44.425609,8.974085,Genoa,Liguria,Italy,2025-11-06
43.739593,11.277127,Florence,Tuscany,Italy,2025-11-14
38.175520,15.556736,Messina,Sicily,Italy,2025-11-01
45.034666,7.699140,Turin,Piedmont,Italy,2025-11-09
41.166673,16.872851,Bari,Apulia,Italy,2025-10-26
37.511631,15.067744,Catania,Sicily,Italy,2025-11-09
44.441543,8.954658,Genoa,Liguria,Italy,2025-11-21
44.521948,11.359522,Bologna,Emilia-Romagna,Italy,2025-11-04
45.404275,10.944626,Verona,Veneto,Italy,2025-10-23
44.535640,11.341722,Bologna,Emilia-Romagna,Italy,2025-11-11
45.093047,7.729089,Turin,Piedmont,Italy,2025-11-06
45.431326,12.320252,Venice,Veneto,Italy,2025-11-05
44.496956,11.304317,Bologna,Emilia-Romagna,Italy,2025-11-04
45.400142,12.305666,Venice,Veneto,Italy,2025-11-01
38.145185,13.326868,Palermo,Sicily,Italy,2025-11-09
38.201399,15.522412,Messina,Sicily,Italy,2025-11-04
45.424300,11.908181,Padua,Veneto,Italy,2025-11-09
41.075485,16.889572,Bari,Apulia,Italy,2025-11-05
38.104309,13.369855,Palermo,Sicily,Italy,2025-11-09
41.074546,16.861023,Bari,Apulia,Italy,2025-10-31
38.173697,15.577775,Messina,Sicily,Italy,2025-10-23
45.418521,12.292779,Venice,Veneto,Italy,2025-11-19
45.487828,10.983871,Verona,Veneto,Italy,2025-11-15
37.526568,15.099821,Catania,Sicily,Italy,2025-11-17
43.768950,11.262514,Florence,Tuscany,Italy,2025-11-10
43.724422,11.245669,Florence,Tuscany,Italy,2025-11-06
43.801880,11.262916,Florence,Tuscany,Italy,2025-11-20
45.441610,11.025236,Verona,Veneto,Italy,2025-10-28
40.819374,14.284953,Naples,Campania,Italy,2025-11-20
41.070903,16.900400,Bari,Apulia,Italy,2025-11-05
45.392972,11.007493,Verona,Veneto,Italy,2025-10-26
41.933842,12.452874,Rome,Lazio,Italy,2025-10-29
37.547319,15.079162,Catania,Sicily,Italy,2025-11-14
38.239373,15.512208,Messina,Sicily,Italy,2025-11-07
43.794787,11.234727,Florence,Tuscany,Italy,2025-10-28
44.435523,8.949752,Genoa,Liguria,Italy,2025-11-06
41.087151,16.823137,Bari,Apulia,Italy,2025-11-02
37.534715,15.068640,Catania,Sicily,Italy,2025-11-15
37.515932,15.110902,Catania,Sicily,Italy,2025-10-25
45.621851,13.742112,Trieste,Friuli-Venezia Giulia,Italy,2025-10-31
37.539260,15.118050,Catania,Sicily,Italy,2025-10-31
45.412997,11.014027,Verona,Veneto,Italy,2025-11-03
37.503633,15.105086,Catania,Sicily,Italy,2025-11-08
45.025230,7.661336,Turin,Piedmont,Italy,2025-10-30
45.483713,9.211905,Milan,Lombardy,Italy,2025-10-25
43.728279,11.225951,Florence,Tuscany,Italy,2025-11-10
37.549141,15.080251,Catania,Sicily,Italy,2025-11-20
45.504116,9.211569,Milan,Lombardy,Italy,2025-11-11
38.133274,13.343920,Palermo,Sicily,Italy,2025-11-04
45.029670,7.665416,Turin,Piedmont,Italy,2025-11-09
45.636532,13.823445,Trieste,Friuli-Venezia Giulia,Italy,2025-11-11
45.631986,13.758849,Trieste,Friuli-Venezia Giulia,Italy,2025-11-12
45.634262,13.779137,Trieste,Friuli-Venezia Giulia,Italy,2025-11-19
38.107051,13.332866,Palermo,Sicily,Italy,2025-10-24
45.440492,10.957373,Verona,Veneto,Italy,2025-10-30
38.229348,15.603434,Messina,Sicily,Italy,2025-10-25
45.448931,11.006683,Verona,Veneto,Italy,2025-10-28
45.027273,7.657403,Turin,Piedmont,Italy,2025-11-15
45.421327,9.199953,Milan,Lombardy,Italy,2025-11-06
43.791353,11.284555,Florence,Tuscany,Italy,2025-10-28
45.691033,13.773440,Trieste,Friuli-Venezia Giulia,Italy,2025-11-04
45.486907,12.292777,Venice,Veneto,Italy,2025-10-24
45.390852,11.842783,Padua,Veneto,Italy,2025-11-19
45.459372,12.294639,Venice,Veneto,Italy,2025-11-12
41.134590,16.845232,Bari,Apulia,Italy,2025-11-19
45.463541,9.194671,Milan,Lombardy,Italy,2025-11-14
45.492382,9.234244,Milan,Lombardy,Italy,2025-11-19
45.689176,13.755864,Trieste,Friuli-Venezia Giulia,Italy,2025-11-10
41.948732,12.512664,Rome,Lazio,Italy,2025-11-12
41.121075,16.822109,Bari,Apulia,Italy,2025-11-01
41.146813,16.861162,Bari,Apulia,Italy,2025-10-26
44.449409,11.308128,Bologna,Emilia-Romagna,Italy,2025-11-01
45.430683,12.351077,Venice,Veneto,Italy,2025-10-30
45.462469,12.330143,Venice,Veneto,Italy,2025-11-04
40.854671,14.284058,Naples,Campania,Italy,2025-10-30
45.601035,13.753477,Trieste,Friuli-Venezia Giulia,Italy,2025-11-10
45.698343,13.809067,Trieste,Friuli-Venezia Giulia,Italy,2025-11-12
43.766235,11.297134,Florence,Tuscany,Italy,2025-10-30
45.407643,11.848731,Padua,Veneto,Italy,2025-10-25
45.458926,10.959870,Verona,Veneto,Italy,2025-10-26
44.475232,11.301228,Bologna,Emilia-Romagna,Italy,2025-11-11
44.373958,8.992622,Genoa,Liguria,Italy,2025-11-07
45.427304,12.309587,Venice,Veneto,Italy,2025-11-15
41.892269,12.469382,Rome,Lazio,Italy,2025-10-30
40.839529,14.316073,Naples,Campania,Italy,2025-11-10
45.671762,13.737832,Trieste,Friuli-Venezia Giulia,Italy,2025-10-24
43.815379,11.268735,Florence,Tuscany,Italy,2025-10-29
38.201008,15.596477,Messina,Sicily,Italy,2025-11-01
45.453017,12.359085,Venice,Veneto,Italy,2025-11-08
45.394731,11.014154,Verona,Veneto,Italy,2025-11-07
41.130072,16.864930,Bari,Apulia,Italy,2025-11-08
45.445368,11.898090,Padua,Veneto,Italy,2025-11-15
45.636641,13.734102,Trieste,Friuli-Venezia Giulia,Italy,2025-11-10
45.374379,11.871964,Padua,Veneto,Italy,2025-11-09
37.459633,15.067636,Catania,Sicily,Italy,2025-11-08
43.793776,11.238967,Florence,Tuscany,Italy,2025-10-27
44.529684,11.383058,Bologna,Emilia-Romagna,Italy,2025-11-05
45.432532,9.155703,Milan,Lombardy,Italy,2025-11-12
40.812829,14.313522,Naples,Campania,Italy,2025-11-20
45.085927,7.647871,Turin,Piedmont,Italy,2025-11-04
44.480406,11.317174,Bologna,Emilia-Romagna,Italy,2025-10-25
38.199489,15.568250,Messina,Sicily,Italy,2025-10-27
43.769460,11.286069,Florence,Tuscany,Italy,2025-11-17
40.845381,14.313438,Naples,Campania,Italy,2025-11-17
41.136637,16.846504,Bari,Apulia,Italy,2025-11-04
45.610220,13.739453,Trieste,Friuli-Venezia Giulia,Italy,2025-11-05
45.370028,11.912245,Padua,Veneto,Italy,2025-11-06
45.447597,12.289540,Venice,Veneto,Italy,2025-10-28
45.696609,13.751032,Trieste,Friuli-Venezia Giulia,Italy,2025-11-18
44.366570,8.903138,Genoa,Liguria,Italy,2025-10-28
43.751832,11.280315,Florence,Tuscany,Italy,2025-11-21
37.497416,15.063559,Catania,Sicily,Italy,2025-11-04
45.065868,7.670774,Turin,Piedmont,Italy,2025-11-14
41.900717,12.465223,Rome,Lazio,Italy,2025-10-26
41.102453,16.851174,Bari,Apulia,Italy,2025-11-03
41.075450,16.920263,Bari,Apulia,Italy,2025-11-18
45.041930,7.714326,Turin,Piedmont,Italy,2025-11-11
40.864557,14.281680,Naples,Campania,Italy,2025-10-29
45.446885,9.198193,Milan,Lombardy,Italy,2025-11-14
45.083889,7.676547,Turin,Piedmont,Italy,2025-11-06
45.441713,9.188678,Milan,Lombardy,Italy,2025-11-19
45.464786,11.008421,Verona,Veneto,Italy,2025-11-04
43.788694,11.293666,Florence,Tuscany,Italy,2025-11-16
41.106923,16.890629,Bari,Apulia,Italy,2025-11-02
45.480228,12.272868,Venice,Veneto,Italy,2025-10-27
44.465582,11.358532,Bologna,Emilia-Romagna,Italy,2025-11-14
38.095231,13.373831,Palermo,Sicily,Italy,2025-11-08
44.538938,11.338005,Bologna,Emilia-Romagna,Italy,2025-10-28
44.455280,8.961332,Genoa,Liguria,Italy,2025-11-06
44.389485,8.991053,Genoa,Liguria,Italy,2025-11-12
45.418142,12.269438,Venice,Veneto,Italy,2025-11-18
41.159516,16.867080,Bari,Apulia,Italy,2025-11-17
45.434848,9.206257,Milan,Lombardy,Italy,2025-10-29
38.070587,13.322334,Palermo,Sicily,Italy,2025-11-08
41.933703,12.521557,Rome,Lazio,Italy,2025-11-13
45.503617,9.179606,Milan,Lombardy,Italy,2025-11-21
41.160901,16.912626,Bari,Apulia,Italy,2025-10-30
45.417710,12.360857,Venice,Veneto,Italy,2025-11-08
40.818092,14.239964,Naples,Campania,Italy,2025-11-14
38.180041,15.580045,Messina,Sicily,Italy,2025-11-17
45.369480,11.873745,Padua,Veneto,Italy,2025-11-21
45.365931,11.842320,Padua,Veneto,Italy,2025-11-16
38.090483,13.406651,Palermo,Sicily,Italy,2025-11-12
45.437808,9.177297,Milan,Lombardy,Italy,2025-10-31
45.454601,11.876387,Padua,Veneto,Italy,2025-11-13
38.177124,15.577424,Messina,Sicily,Italy,2025-11-09
45.440400,9.235049,Milan,Lombardy,Italy,2025-11-05
40.846136,14.263790,Naples,Campania,Italy,2025-11-14
45.452991,12.286372,Venice,Veneto,Italy,2025-11-15
44.522484,11.296696,Bologna,Emilia-Romagna,Italy,2025-11-13
45.615522,13.756518,Trieste,Friuli-Venezia Giulia,Italy,2025-10-31
37.554352,15.107995,Catania,Sicily,Italy,2025-11-06
45.087575,7.680997,Turin,Piedmont,Italy,2025-11-05
38.195651,15.531508,Messina,Sicily,Italy,2025-10-24
38.206759,15.595861,Messina,Sicily,Italy,2025-11-14
40.899239,14.293796,Naples,Campania,Italy,2025-11-13
44.487898,11.390193,Bologna,Emilia-Romagna,Italy,2025-11-20
43.741902,11.221632,Florence,Tuscany,Italy,2025-11-15
44.402731,8.977530,Genoa,Liguria,Italy,2025-11-08
45.036330,7.667998,Turin,Piedmont,Italy,2025-11-14
45.684447,13.808997,Trieste,Friuli-Venezia Giulia,Italy,2025-11-17
38.158599,13.369065,Palermo,Sicily,Italy,2025-11-01
45.651170,13.747407,Trieste,Friuli-Venezia Giulia,Italy,2025-10-25
38.125321,13.371709,Palermo,Sicily,Italy,2025-10-30
43.783882,11.278591,Florence,Tuscany,Italy,2025-10-23
45.456180,12.361863,Venice,Veneto,Italy,2025-10-23
45.409150,12.280256,Venice,Veneto,Italy,2025-11-20
45.469217,12.355386,Venice,Veneto,Italy,2025-11-21
45.440318,12.346172,Venice,Veneto,Italy,2025-11-20
38.138996,13.363538,Palermo,Sicily,Italy,2025-11-17
40.824098,14.257112,Naples,Campania,Italy,2025-10-27
41.929126,12.463327,Rome,Lazio,Italy,2025-10-26
45.443961,10.991993,Verona,Veneto,Italy,2025-10-26
45.114583,7.682938,Turin,Piedmont,Italy,2025-11-18
40.816121,14.314597,Naples,Campania,Italy,2025-11-02
45.396750,11.881930,Padua,Veneto,Italy,2025-11-13
45.391574,12.309339,Venice,Veneto,Italy,2025-10-31
45.445179,10.952451,Verona,Veneto,Italy,2025-11-09
45.043941,7.680236,Turin,Piedmont,Italy,2025-10-30
45.474191,10.983163,Verona,Veneto,Italy,2025-11-20
41.068980,16.892245,Bari,Apulia,Italy,2025-10-26
40.845666,14.285746,Naples,Campania,Italy,2025-11-16
45.453739,9.167367,Milan,Lombardy,Italy,2025-11-09
45.447556,9.233654,Milan,Lombardy,Italy,2025-11-03
40.865964,14.234104,Naples,Campania,Italy,2025-11-14
43.813874,11.295486,Florence,Tuscany,Italy,2025-11-14
40.802419,14.284725,Naples,Campania,Italy,2025-11-17
38.153585,15.561369,Messina,Sicily,Italy,2025-10-31
41.142790,16.897831,Bari,Apulia,Italy,2025-11-01
45.627097,13.758685,Trieste,Friuli-Venezia Giulia,Italy,2025-11-19
45.424166,12.325121,Venice,Veneto,Italy,2025-10-27
37.554379,15.096916,Catania,Sicily,Italy,2025-10-29
37.556610,15.101566,Catania,Sicily,Italy,2025-11-20
45.467775,9.146762,Milan,Lombardy,Italy,2025-10-24
44.529123,11.294187,Bologna,Emilia-Romagna,Italy,2025-11-16
45.443274,9.193717,Milan,Lombardy,Italy,2025-11-07
45.408588,10.974109,Verona,Veneto,Italy,2025-11-08
45.461053,12.322135,Venice,Veneto,Italy,2025-11-04
44.516378,11.302402,Bologna,Emilia-Romagna,Italy,2025-11-21
45.473846,9.141849,Milan,Lombardy,Italy,2025-11-21
45.505532,9.196451,Milan,Lombardy,Italy,2025-10-25
43.818386,11.206358,Florence,Tuscany,Italy,2025-10-31
44.434603,8.944523,Genoa,Liguria,Italy,2025-11-11
45.459852,12.322003,Venice,Veneto,Italy,2025-11-20
37.554831,15.067402,Catania,Sicily,Italy,2025-10-29
43.807196,11.227173,Florence,Tuscany,Italy,2025-10-31
45.599720,13.801599,Trieste,Friuli-Venezia Giulia,Italy,2025-11-02
38.164802,15.552206,Messina,Sicily,Italy,2025-11-18
45.107930,7.640902,Turin,Piedmont,Italy,2025-11-10
37.473319,15.034293,Catania,Sicily,Italy,2025-10-25
43.725575,11.209127,Florence,Tuscany,Italy,2025-11-03
45.407875,11.919314,Padua,Veneto,Italy,2025-11-20
44.471524,11.367162,Bologna,Emilia-Romagna,Italy,2025-11-07
38.086626,13.332605,Palermo,Sicily,Italy,2025-11-19
44.531778,11.378981,Bologna,Emilia-Romagna,Italy,2025-11-19
45.098715,7.702125,Turin,Piedmont,Italy,2025-11-14
38.103868,13.379088,Palermo,Sicily,Italy,2025-10-27
44.541687,11.387955,Bologna,Emilia-Romagna,Italy,2025-11-19
41.921841,12.449546,Rome,Lazio,Italy,2025-11-05
45.641756,13.789259,Trieste,Friuli-Venezia Giulia,Italy,2025-11-04
41.086908,16.856950,Bari,Apulia,Italy,2025-11-21
45.407671,11.853061,Padua,Veneto,Italy,2025-11-12
37.500904,15.110941,Catania,Sicily,Italy,2025-10-27
37.518831,15.122389,Catania,Sicily,Italy,2025-11-14
40.870379,14.223966,Naples,Campania,Italy,2025-11-04
45.417836,9.164291,Milan,Lombardy,Italy,2025-11-05
45.114015,7.736195,Turin,Piedmont,Italy,2025-10-29
45.477235,12.333784,Venice,Veneto,Italy,2025-11-06
41.912758,12.448693,Rome,Lazio,Italy,2025-10-24
45.393620,12.309559,Venice,Veneto,Italy,2025-11-15
41.117248,16.868476,Bari,Apulia,Italy,2025-10-25
45.655227,13.768142,Trieste,Friuli-Venezia Giulia,Italy,2025-10-23
38.201742,15.584855,Messina,Sicily,Italy,2025-11-18
45.044471,7.642661,Turin,Piedmont,Italy,2025-11-18
45.403143,12.285722,Venice,Veneto,Italy,2025-11-13
38.093264,13.375280,Palermo,Sicily,Italy,2025-11-10
45.607853,13.785008,Trieste,Friuli-Venezia Giulia,Italy,2025-11-12
38.147566,13.333943,Palermo,Sicily,Italy,2025-11-15
45.105956,7.676757,Turin,Piedmont,Italy,2025-11-19
37.557336,15.096636,Catania,Sicily,Italy,2025-11-06
43.724038,11.215204,Florence,Tuscany,Italy,2025-10-30
37.537462,15.131485,Catania,Sicily,Italy,2025-11-12
45.081169,7.646647,Turin,Piedmont,Italy,2025-10-29
45.431223,11.900180,Padua,Veneto,Italy,2025-11-05
37.526106,15.098649,Catania,Sicily,Italy,2025-11-09
45.454541,12.325806,Venice,Veneto,Italy,2025-10-28
44.417798,8.955031,Genoa,Liguria,Italy,2025-11-20
41.095844,16.881941,Bari,Apulia,Italy,2025-10-30
41.916803,12.539807,Rome,Lazio,Italy,2025-11-09
41.898280,12.468786,Rome,Lazio,Italy,2025-11-17
45.481557,9.219980,Milan,Lombardy,Italy,2025-11-12
45.442782,9.199982,Milan,Lombardy,Italy,2025-11-04
45.368248,11.828765,Padua,Veneto,Italy,2025-11-18
40.814798,14.282788,Naples,Campania,Italy,2025-10-26
44.464056,11.317342,Bologna,Emilia-Romagna,Italy,2025-11-09
45.441987,12.281156,Venice,Veneto,Italy,2025-10-27
41.942970,12.493379,Rome,Lazio,Italy,2025-11-19
45.448861,11.858302,Padua,Veneto,Italy,2025-11-09
45.611058,13.769769,Trieste,Friuli-Venezia Giulia,Italy,2025-10-26
44.374290,8.913817,Genoa,Liguria,Italy,2025-11-13
44.392719,8.927569,Genoa,Liguria,Italy,2025-10-24
43.792172,11.221442,Florence,Tuscany,Italy,2025-11-17
45.439795,9.144988,Milan,Lombardy,Italy,2025-11-12
41.946927,12.468858,Rome,Lazio,Italy,2025-10-31
45.676853,13.746180,Trieste,Friuli-Venezia Giulia,Italy,2025-11-08
40.806462,14.276315,Naples,Campania,Italy,2025-10-27
44.519830,11.331337,Bologna,Emilia-Romagna,Italy,2025-11-03
40.834691,14.244692,Naples,Campania,Italy,2025-11-04
45.490561,9.220527,Milan,Lombardy,Italy,2025-10-24
41.072365,16.855079,Bari,Apulia,Italy,2025-11-13
40.867340,14.295969,Naples,Campania,Italy,2025-10-23
45.454364,11.896003,Padua,Veneto,Italy,2025-11-07
45.632126,13.735155,Trieste,Friuli-Venezia Giulia,Italy,2025-10-31
45.687986,13.824404,Trieste,Friuli-Venezia Giulia,Italy,2025-11-17
37.494818,15.045359,Catania,Sicily,Italy,2025-10-28
41.893585,12.454713,Rome,Lazio,Italy,2025-11-20
45.466314,12.311397,Venice,Veneto,Italy,2025-11-08
44.517905,11.307795,Bologna,Emilia-Romagna,Italy,2025-10-28
45.113733,7.677557,Turin,Piedmont,Italy,2025-11-02
40.813295,14.227859,Naples,Campania,Italy,2025-11-17
44.434280,8.938347,Genoa,Liguria,Italy,2025-11-17
45.442408,9.151240,Milan,Lombardy,Italy,2025-10-26
45.454177,9.218081,Milan,Lombardy,Italy,2025-11-07
40.860423,14.234838,Naples,Campania,Italy,2025-11-19
38.153090,15.527815,Messina,Sicily,Italy,2025-11-12
38.073934,13.333728,Palermo,Sicily,Italy,2025-11-03
45.376677,11.853655,Padua,Veneto,Italy,2025-10-27
45.505564,9.236272,Milan,Lombardy,Italy,2025-11-05
45.455954,12.352055,Venice,Veneto,Italy,2025-11-02
44.497009,11.311512,Bologna,Emilia-Romagna,Italy,2025-11-17
38.229495,15.517481,Messina,Sicily,Italy,2025-10-24
38.144111,15.536388,Messina,Sicily,Italy,2025-10-29
38.166577,15.573029,Messina,Sicily,Italy,2025-10-23
41.107856,16.850707,Bari,Apulia,Italy,2025-10-30
45.457750,9.189166,Milan,Lombardy,Italy,2025-11-14
41.920999,12.537913,Rome,Lazio,Italy,2025-11-13
40.855656,14.252070,Naples,Campania,Italy,2025-10-26
41.099504,16.881314,Bari,Apulia,Italy,2025-11-16
37.546041,15.038393,Catania,Sicily,Italy,2025-11-21
45.357923,11.840805,Padua,Veneto,Italy,2025-11-12
41.861500,12.475919,Rome,Lazio,Italy,2025-11-03
45.439606,11.912321,Padua,Veneto,Italy,2025-11-15
38.181970,15.547253,Messina,Sicily,Italy,2025-11-05
44.531018,11.308661,Bologna,Emilia-Romagna,Italy,2025-11-08
40.892552,14.273793,Naples,Campania,Italy,2025-11-06
44.454865,11.372059,Bologna,Emilia-Romagna,Italy,2025-11-14
38.224670,15.554669,Messina,Sicily,Italy,2025-11-15
45.394348,11.889868,Padua,Veneto,Italy,2025-11-05
45.434061,12.304177,Venice,Veneto,Italy,2025-10-23
45.459067,12.269054,Venice,Veneto,Italy,2025-10-30
44.511065,11.370308,Bologna,Emilia-Romagna,Italy,2025-11-16
45.671691,13.735771,Trieste,Friuli-Venezia Giulia,Italy,2025-11-10
45.480051,10.996002,Verona,Veneto,Italy,2025-11-14
40.824408,14.242787,Naples,Campania,Italy,2025-11-03
38.148985,15.554091,Messina,Sicily,Italy,2025-11-21
45.468839,12.300443,Venice,Veneto,Italy,2025-10-24
45.495527,9.193611,Milan,Lombardy,Italy,2025-11-15
40.835484,14.298334,Naples,Campania,Italy,2025-11-09
45.423899,11.865011,Padua,Veneto,Italy,2025-10-26
41.884497,12.511576,Rome,Lazio,Italy,2025-11-10
38.150166,15.549467,Messina,Sicily,Italy,2025-11-14
40.813449,14.293722,Naples,Campania,Italy,2025-10-28
44.397307,8.961657,Genoa,Liguria,Italy,2025-10-23
44.467703,11.332966,Bologna,Emilia-Romagna,Italy,2025-11-04
45.446198,12.297689,Venice,Veneto,Italy,2025-10-25
38.172939,15.549270,Messina,Sicily,Italy,2025-10-24
45.441484,12.362310,Venice,Veneto,Italy,2025-11-03
41.925362,12.519260,Rome,Lazio,Italy,2025-11-16
41.082502,16.855574,Bari,Apulia,Italy,2025-11-07
45.456962,9.211940,Milan,Lombardy,Italy,2025-10-23
45.490347,9.220924,Milan,Lombardy,Italy,2025-11-17
41.864644,12.453400,Rome,Lazio,Italy,2025-11-10
45.686338,13.810202,Trieste,Friuli-Venezia Giulia,Italy,2025-11-12
45.400512,11.877547,Padua,Veneto,Italy,2025-11-12
45.697971,13.811402,Trieste,Friuli-Venezia Giulia,Italy,2025-10-29
45.093641,7.644712,Turin,Piedmont,Italy,2025-10-24
45.444440,11.009370,Verona,Veneto,Italy,2025-11-10
41.077231,16.831958,Bari,Apulia,Italy,2025-11-03
41.141201,16.921770,Bari,Apulia,Italy,2025-11-19
45.361017,11.885101,Padua,Veneto,Italy,2025-11-09
41.126768,16.909698,Bari,Apulia,Italy,2025-11-10
44.476930,11.386761,Bologna,Emilia-Romagna,Italy,2025-10-29
38.173877,15.574765,Messina,Sicily,Italy,2025-11-11
40.865792,14.258540,Naples,Campania,Italy,2025-11-01
38.219696,15.531489,Messina,Sicily,Italy,2025-11-07
37.477355,15.069590,Catania,Sicily,Italy,2025-10-28
41.112059,16.856528,Bari,Apulia,Italy,2025-11-16
45.449653,9.167899,Milan,Lombardy,Italy,2025-11-07
38.129540,13.334424,Palermo,Sicily,Italy,2025-11-07
38.105255,13.355347,Palermo,Sicily,Italy,2025-11-05
44.521151,11.327044,Bologna,Emilia-Romagna,Italy,2025-11-06
40.855289,14.258945,Naples,Campania,Italy,2025-11-12
37.539518,15.060264,Catania,Sicily,Italy,2025-11-06
45.438471,11.865287,Padua,Veneto,Italy,2025-11-02
41.159037,16.840460,Bari,Apulia,Italy,2025-10-30
40.804749,14.230290,Naples,Campania,Italy,2025-11-10
44.473091,11.303511,Bologna,Emilia-Romagna,Italy,2025-11-21
41.088884,16.866927,Bari,Apulia,Italy,2025-11-11
38.099653,13.354197,Palermo,Sicily,Italy,2025-11-02
38.123101,13.388144,Palermo,Sicily,Italy,2025-11-06
40.885316,14.283497,Naples,Campania,Italy,2025-10-28
44.363960,8.953157,Genoa,Liguria,Italy,2025-11-10
41.938898,12.530230,Rome,Lazio,Italy,2025-11-06
45.441768,12.269519,Venice,Veneto,Italy,2025-10-26
45.035951,7.720921,Turin,Piedmont,Italy,2025-11-14
45.402807,12.358137,Venice,Veneto,Italy,2025-11-16
45.453123,9.177248,Milan,Lombardy,Italy,2025-11-20
44.390796,8.956657,Genoa,Liguria,Italy,2025-10-27
38.088496,13.407181,Palermo,Sicily,Italy,2025-11-19
45.398393,11.859148,Padua,Veneto,Italy,2025-11-01
40.822823,14.237357,Naples,Campania,Italy,2025-10-29
45.479124,11.022001,Verona,Veneto,Italy,2025-11-10
38.233745,15.542729,Messina,Sicily,Italy,2025-11-19
41.876073,12.471447,Rome,Lazio,Italy,2025-11-16
45.622590,13.762832,Trieste,Friuli-Venezia Giulia,Italy,2025-10-31
45.485818,9.141004,Milan,Lombardy,Italy,2025-11-16
38.104091,13.394106,Palermo,Sicily,Italy,2025-11-02
43.807782,11.241446,Florence,Tuscany,Italy,2025-10-29
45.612371,13.817157,Trieste,Friuli-Venezia Giulia,Italy,2025-10-26
40.898806,14.235903,Naples,Campania,Italy,2025-11-12
44.410622,8.916482,Genoa,Liguria,Italy,2025-11-01
45.396312,12.301940,Venice,Veneto,Italy,2025-10-28
38.094298,13.341938,Palermo,Sicily,Italy,2025-10-25
41.151248,16.868234,Bari,Apulia,Italy,2025-11-15
43.736112,11.259412,Florence,Tuscany,Italy,2025-11-20
38.236371,15.552727,Messina,Sicily,Italy,2025-11-15
44.462545,11.307581,Bologna,Emilia-Romagna,Italy,2025-11-16
44.481749,11.320898,Bologna,Emilia-Romagna,Italy,2025-11-09
44.454272,11.300266,Bologna,Emilia-Romagna,Italy,2025-11-17
45.509632,9.158152,Milan,Lombardy,Italy,2025-10-30
43.755979,11.258329,Florence,Tuscany,Italy,2025-11-17
41.906190,12.511452,Rome,Lazio,Italy,2025-11-04
44.436140,8.912917,Genoa,Liguria,Italy,2025-11-08
45.481578,9.176516,Milan,Lombardy,Italy,2025-11-11
43.810764,11.302393,Florence,Tuscany,Italy,2025-11-01
38.142558,13.372873,Palermo,Sicily,Italy,2025-11-05
41.878022,12.512524,Rome,Lazio,Italy,2025-11-14
38.210202,15.581064,Messina,Sicily,Italy,2025-11-10
45.359030,11.832461,Padua,Veneto,Italy,2025-11-16
43.772961,11.217822,Florence,Tuscany,Italy,2025-11-03
45.428203,10.966119,Verona,Veneto,Italy,2025-10-29
38.221862,15.524118,Messina,Sicily,Italy,2025-11-06
40.827007,14.241932,Naples,Campania,Italy,2025-10-31
38.123840,13.317105,Palermo,Sicily,Italy,2025-11-02
41.925920,12.520547,Rome,Lazio,Italy,2025-11-13
44.425117,8.896814,Genoa,Liguria,Italy,2025-11-06
40.819195,14.218935,Naples,Campania,Italy,2025-10-28
38.125028,13.365831,Palermo,Sicily,Italy,2025-10-29
37.486929,15.109578,Catania,Sicily,Italy,2025-11-22
45.382943,11.906831,Padua,Veneto,Italy,2025-11-08
37.544286,15.037839,Catania,Sicily,Italy,2025-11-12
43.807366,11.225682,Florence,Tuscany,Italy,2025-11-21
45.646186,13.809145,Trieste,Friuli-Venezia Giulia,Italy,2025-10-25
45.089204,7.707489,Turin,Piedmont,Italy,2025-11-10
44.543807,11.307157,Bologna,Emilia-Romagna,Italy,2025-10-29
38.169693,15.505886,Messina,Sicily,Italy,2025-11-10
44.361952,8.910450,Genoa,Liguria,Italy,2025-10-29
37.507617,15.043567,Catania,Sicily,Italy,2025-11-07
44.415049,8.932686,Genoa,Liguria,Italy,2025-11-09
40.833783,14.242558,Naples,Campania,Italy,2025-11-05
44.385519,8.969182,Genoa,Liguria,Italy,2025-11-16
38.145539,15.538897,Messina,Sicily,Italy,2025-10-27
45.451072,9.219782,Milan,Lombardy,Italy,2025-11-03
45.424153,12.305082,Venice,Veneto,Italy,2025-11-05
45.394404,12.363436,Venice,Veneto,Italy,2025-11-21
44.453825,8.971070,Genoa,Liguria,Italy,2025-11-18
41.128221,16.856631,Bari,Apulia,Italy,2025-10-30
37.557825,15.090185,Catania,Sicily,Italy,2025-11-02
38.096564,13.350024,Palermo,Sicily,Italy,2025-11-16
40.851142,14.266170,Naples,Campania,Italy,2025-10-27
37.521743,15.094519,Catania,Sicily,Italy,2025-10-25
40.860115,14.303259,Naples,Campania,Italy,2025-11-19
45.441287,12.332232,Venice,Veneto,Italy,2025-11-19
45.412109,11.012878,Verona,Veneto,Italy,2025-10-27
45.377017,11.896462,Padua,Veneto,Italy,2025-11-08
37.510650,15.075445,Catania,Sicily,Italy,2025-11-12
45.642927,13.796553,Trieste,Friuli-Venezia Giulia,Italy,2025-11-22
38.203234,15.580964,Messina,Sicily,Italy,2025-11-16
38.083760,13.331987,Palermo,Sicily,Italy,2025-11-01
45.459176,12.316712,Venice,Veneto,Italy,2025-11-05
45.460990,9.176456,Milan,Lombardy,Italy,2025-11-07
41.912092,12.512443,Rome,Lazio,Italy,2025-11-07
44.439232,8.910153,Genoa,Liguria,Italy,2025-10-29
45.459468,9.207114,Milan,Lombardy,Italy,2025-10-30
41.113839,16.888185,Bari,Apulia,Italy,2025-11-21
38.138083,13.322865,Palermo,Sicily,Italy,2025-11-17
41.920357,12.488891,Rome,Lazio,Italy,2025-11-16
45.412012,11.914844,Padua,Veneto,Italy,2025-11-13
38.187316,15.523434,Messina,Sicily,Italy,2025-11-15
45.629443,13.800450,Trieste,Friuli-Venezia Giulia,Italy,2025-10-29
45.490760,12.356547,Venice,Veneto,Italy,2025-10-27
41.078593,16.896131,Bari,Apulia,Italy,2025-11-07
44.420554,8.901101,Genoa,Liguria,Italy,2025-11-16
45.447906,11.004183,Verona,Veneto,Italy,2025-10-29
41.867046,12.536878,Rome,Lazio,Italy,2025-11-18
40.840830,14.303096,Naples,Campania,Italy,2025-11-22
45.391386,12.308274,Venice,Veneto,Italy,2025-11-06
45.474892,12.327898,Venice,Veneto,Italy,2025-11-05
41.942789,12.454525,Rome,Lazio,Italy,2025-10-26
45.426595,9.149688,Milan,Lombardy,Italy,2025-10-30
45.465612,12.307336,Venice,Veneto,Italy,2025-10-31
43.737516,11.234468,Florence,Tuscany,Italy,2025-11-14
41.933207,12.474077,Rome,Lazio,Italy,2025-10-26
45.475479,9.181983,Milan,Lombardy,Italy,2025-11-08
45.406555,11.037391,Verona,Veneto,Italy,2025-11-02
45.698679,13.752043,Trieste,Friuli-Venezia Giulia,Italy,2025-10-27
45.667575,13.748451,Trieste,Friuli-Venezia Giulia,Italy,2025-11-16
40.854890,14.256642,Naples,Campania,Italy,2025-10-30
45.467518,10.960738,Verona,Veneto,Italy,2025-11-06
40.825743,14.317861,Naples,Campania,Italy,2025-11-13
38.092479,13.333179,Palermo,Sicily,Italy,2025-10-29
45.416130,11.876662,Padua,Veneto,Italy,2025-10-30
43.812250,11.206164,Florence,Tuscany,Italy,2025-11-10
44.439359,8.926023,Genoa,Liguria,Italy,2025-11-20
45.603203,13.742927,Trieste,Friuli-Venezia Giulia,Italy,2025-10-24
45.458411,9.212718,Milan,Lombardy,Italy,2025-11-20
40.840086,14.315435,Naples,Campania,Italy,2025-11-14
44.493490,11.388862,Bologna,Emilia-Romagna,Italy,2025-10-25
45.406157,12.299078,Venice,Veneto,Italy,2025-11-17
38.164903,15.593443,Messina,Sicily,Italy,2025-11-01
40.874127,14.254391,Naples,Campania,Italy,2025-11-12
45.465804,9.171017,Milan,Lombardy,Italy,2025-11-16
45.385652,11.828542,Padua,Veneto,Italy,2025-11-14
37.500880,15.067332,Catania,Sicily,Italy,2025-10-31
37.537510,15.045519,Catania,Sicily,Italy,2025-11-15
43.813009,11.276350,Florence,Tuscany,Italy,2025-11-14
45.418974,11.855311,Padua,Veneto,Italy,2025-11-08
38.241435,15.586195,Messina,Sicily,Italy,2025-11-15
45.479200,11.018034,Verona,Veneto,Italy,2025-10-26
38.140098,13.382209,Palermo,Sicily,Italy,2025-10-30
38.172592,15.521910,Messina,Sicily,Italy,2025-11-15
43.725998,11.260654,Florence,Tuscany,Italy,2025-10-25
37.491750,15.116552,Catania,Sicily,Italy,2025-11-03
45.612075,13.744113,Trieste,Friuli-Venezia Giulia,Italy,2025-11-17
45.455495,10.981024,Verona,Veneto,Italy,2025-11-18
45.359613,11.925705,Padua,Veneto,Italy,2025-11-22
45.621748,13.747835,Trieste,Friuli-Venezia Giulia,Italy,2025-10-29
45.480340,11.002866,Verona,Veneto,Italy,2025-11-14
43.775073,11.285182,Florence,Tuscany,Italy,2025-11-18
45.108964,7.680753,Turin,Piedmont,Italy,2025-10-25
41.878963,12.448029,Rome,Lazio,Italy,2025-11-22
38.138721,13.405575,Palermo,Sicily,Italy,2025-11-09
45.502427,9.189866,Milan,Lombardy,Italy,2025-11-17
45.053702,7.644921,Turin,Piedmont,Italy,2025-10-31
38.200542,15.537457,Messina,Sicily,Italy,2025-10-24
44.476889,11.354733,Bologna,Emilia-Romagna,Italy,2025-10-25
41.086086,16.912948,Bari,Apulia,Italy,2025-11-04
45.418945,9.206087,Milan,Lombardy,Italy,2025-11-13
44.494563,11.357232,Bologna,Emilia-Romagna,Italy,2025-10-26
41.929327,12.453623,Rome,Lazio,Italy,2025-11-05
45.398994,11.031819,Verona,Veneto,Italy,2025-11-15
45.500487,9.186517,Milan,Lombardy,Italy,2025-10-31
45.368052,11.912196,Padua,Veneto,Italy,2025-11-05
37.521611,15.093642,Catania,Sicily,Italy,2025-11-11
37.485603,15.132031,Catania,Sicily,Italy,2025-11-03
44.361392,8.908727,Genoa,Liguria,Italy,2025-11-11
45.410464,11.889175,Padua,Veneto,Italy,2025-10-25
44.508237,11.389047,Bologna,Emilia-Romagna,Italy,2025-11-19
41.927335,12.478708,Rome,Lazio,Italy,2025-10-27
45.420204,11.871883,Padua,Veneto,Italy,2025-11-08
45.692813,13.758307,Trieste,Friuli-Venezia Giulia,Italy,2025-11-04
40.878933,14.247512,Naples,Campania,Italy,2025-11-09
45.683969,13.814554,Trieste,Friuli-Venezia Giulia,Italy,2025-11-21
44.469892,11.386421,Bologna,Emilia-Romagna,Italy,2025-10-30
41.132474,16.829186,Bari,Apulia,Italy,2025-11-11
40.876340,14.268448,Naples,Campania,Italy,2025-11-14
45.428928,9.182075,Milan,Lombardy,Italy,2025-10-27
45.396805,11.847326,Padua,Veneto,Italy,2025-10-27
45.044533,7.661035,Turin,Piedmont,Italy,2025-10-28
40.814497,14.256062,Naples,Campania,Italy,2025-11-21
41.862980,12.545302,Rome,Lazio,Italy,2025-11-01
37.501691,15.071521,Catania,Sicily,Italy,2025-11-22
44.407018,8.959243,Genoa,Liguria,Italy,2025-11-16
45.438349,11.887732,Padua,Veneto,Italy,2025-10-27
41.147552,16.831363,Bari,Apulia,Italy,2025-10-27
45.646997,13.745868,Trieste,Friuli-Venezia Giulia,Italy,2025-11-18
40.840264,14.292885,Naples,Campania,Italy,2025-11-20
44.447516,11.367612,Bologna,Emilia-Romagna,Italy,2025-11-16
40.838750,14.222821,Naples,Campania,Italy,2025-10-29
44.513760,11.356454,Bologna,Emilia-Romagna,Italy,2025-11-20
44.456601,11.339098,Bologna,Emilia-Romagna,Italy,2025-11-03
38.223243,15.519541,Messina,Sicily,Italy,2025-11-05
38.180694,15.518920,Messina,Sicily,Italy,2025-11-22
40.827447,14.282315,Naples,Campania,Italy,2025-11-15
38.074550,13.394732,Palermo,Sicily,Italy,2025-11-07
38.169734,15.576299,Messina,Sicily,Italy,2025-10-25
43.787493,11.288400,Florence,Tuscany,Italy,2025-11-03
45.629058,13.771236,Trieste,Friuli-Venezia Giulia,Italy,2025-11-07
45.076118,7.733955,Turin,Piedmont,Italy,2025-10-29
38.206421,15.558729,Messina,Sicily,Italy,2025-10-30
41.894844,12.534931,Rome,Lazio,Italy,2025-11-18
45.677749,13.795722,Trieste,Friuli-Venezia Giulia,Italy,2025-11-21
38.127264,13.369777,Palermo,Sicily,Italy,2025-10-29
45.479553,9.237090,Milan,Lombardy,Italy,2025-11-22
43.789056,11.232639,Florence,Tuscany,Italy,2025-10-28
43.808584,11.250672,Florence,Tuscany,Italy,2025-11-17
41.863933,12.541679,Rome,Lazio,Italy,2025-11-21
40.848995,14.231185,Naples,Campania,Italy,2025-11-08
45.463556,12.276980,Venice,Veneto,Italy,2025-11-04
45.397387,12.321848,Venice,Veneto,Italy,2025-11-16
41.068089,16.901494,Bari,Apulia,Italy,2025-11-13
45.392791,12.341017,Venice,Veneto,Italy,2025-10-25
43.733351,11.211318,Florence,Tuscany,Italy,2025-11-08
38.231143,15.555145,Messina,Sicily,Italy,2025-10-28
37.549330,15.077494,Catania,Sicily,Italy,2025-11-13
44.487717,11.305714,Bologna,Emilia-Romagna,Italy,2025-11-06
40.827062,14.291341,Naples,Campania,Italy,2025-11-17
40.859307,14.268414,Naples,Campania,Italy,2025-11-22
43.721398,11.246040,Florence,Tuscany,Italy,2025-11-05
45.399279,12.353446,Venice,Veneto,Italy,2025-11-03
45.474624,9.239347,Milan,Lombardy,Italy,2025-11-12
45.029970,7.682101,Turin,Piedmont,Italy,2025-11-10
40.854389,14.314542,Naples,Campania,Italy,2025-11-13
44.395606,8.917249,Genoa,Liguria,Italy,2025-10-30
44.415393,8.984631,Genoa,Liguria,Italy,2025-11-03
40.879123,14.299276,Naples,Campania,Italy,2025-11-13
45.452990,11.887372,Padua,Veneto,Italy,2025-11-06
45.472645,12.308860,Venice,Veneto,Italy,2025-11-07
45.681747,13.816157,Trieste,Friuli-Venezia Giulia,Italy,2025-11-02
44.476241,11.302793,Bologna,Emilia-Romagna,Italy,2025-11-01
38.215653,15.517429,Messina,Sicily,Italy,2025-10-28
37.462415,15.078664,Catania,Sicily,Italy,2025-10-25
41.149448,16.840675,Bari,Apulia,Italy,2025-11-14
37.547605,15.088147,Catania,Sicily,Italy,2025-11-05
45.624999,13.737782,Trieste,Friuli-Venezia Giulia,Italy,2025-11-02
40.816454,14.298437,Naples,Campania,Italy,2025-10-27
43.806488,11.263024,Florence,Tuscany,Italy,2025-11-16
45.695498,13.802579,Trieste,Friuli-Venezia Giulia,Italy,2025-11-09
41.854867,12.531234,Rome,Lazio,Italy,2025-10-26
38.137330,13.327343,Palermo,Sicily,Italy,2025-11-11
45.614292,13.772220,Trieste,Friuli-Venezia Giulia,Italy,2025-11-13
45.677969,13.759317,Trieste,Friuli-Venezia Giulia,Italy,2025-11-12
45.429285,10.964306,Verona,Veneto,Italy,2025-11-19
45.465535,12.331927,Venice,Veneto,Italy,2025-10-27
45.496621,9.211423,Milan,Lombardy,Italy,2025-11-19
44.414731,8.961760,Genoa,Liguria,Italy,2025-11-21
41.150825,16.919725,Bari,Apulia,Italy,2025-11-22
37.502737,15.064904,Catania,Sicily,Italy,2025-11-14
45.490622,9.146865,Milan,Lombardy,Italy,2025-11-02
45.474339,12.354873,Venice,Veneto,Italy,2025-11-15
41.148655,16.896366,Bari,Apulia,Italy,2025-11-03
40.824569,14.298246,Naples,Campania,Italy,2025-10-26
44.480501,11.329792,Bologna,Emilia-Romagna,Italy,2025-10-27
44.529820,11.391964,Bologna,Emilia-Romagna,Italy,2025-10-30
41.159692,16.847065,Bari,Apulia,Italy,2025-11-08
37.518080,15.072847,Catania,Sicily,Italy,2025-11-01
45.603274,13.734426,Trieste,Friuli-Venezia Giulia,Italy,2025-11-11
45.507688,9.174045,Milan,Lombardy,Italy,2025-11-04
37.521798,15.084388,Catania,Sicily,Italy,2025-11-22
38.231663,15.526140,Messina,Sicily,Italy,2025-10-24
45.492547,9.208815,Milan,Lombardy,Italy,2025-11-14
45.482577,12.273243,Venice,Veneto,Italy,2025-11-06
45.440245,11.905905,Padua,Veneto,Italy,2025-11-06
44.501241,11.382461,Bologna,Emilia-Romagna,Italy,2025-11-18
45.670326,13.736620,Trieste,Friuli-Venezia Giulia,Italy,2025-11-19
43.751764,11.300150,Florence,Tuscany,Italy,2025-11-03
45.447380,9.188195,Milan,Lombardy,Italy,2025-11-13
45.425244,11.921509,Padua,Veneto,Italy,2025-11-21
38.149913,13.350222,Palermo,Sicily,Italy,2025-11-10
41.951998,12.482302,Rome,Lazio,Italy,2025-10-26
37.492567,15.038063,Catania,Sicily,Italy,2025-10-25
45.110594,7.672310,Turin,Piedmont,Italy,2025-11-18
45.455313,10.989518,Verona,Veneto,Italy,2025-10-27
45.423275,11.888176,Padua,Veneto,Italy,2025-11-03
38.119226,13.385573,Palermo,Sicily,Italy,2025-11-15
45.461009,12.308336,Venice,Veneto,Italy,2025-11-11
41.150247,16.894956,Bari,Apulia,Italy,2025-11-09
44.440072,8.910440,Genoa,Liguria,Italy,2025-11-20
45.396702,11.021152,Verona,Veneto,Italy,2025-10-24
41.107141,16.910023,Bari,Apulia,Italy,2025-11-14
41.918797,12.531612,Rome,Lazio,Italy,2025-11-19
40.822417,14.258650,Naples,Campania,Italy,2025-11-19
41.095849,16.865289,Bari,Apulia,Italy,2025-11-21
45.433495,11.893446,Padua,Veneto,Italy,2025-11-12
40.887573,14.287027,Naples,Campania,Italy,2025-10-27
45.391534,11.899700,Padua,Veneto,Italy,2025-11-17
41.917635,12.463556,Rome,Lazio,Italy,2025-11-05
41.153618,16.909607,Bari,Apulia,Italy,2025-11-08
38.125502,13.316314,Palermo,Sicily,Italy,2025-10-25
41.883508,12.516269,Rome,Lazio,Italy,2025-11-16
45.623150,13.729371,Trieste,Friuli-Venezia Giulia,Italy,2025-10-26
45.435069,9.220127,Milan,Lombardy,Italy,2025-10-29
41.124356,16.901753,Bari,Apulia,Italy,2025-11-21
41.068683,16.902838,Bari,Apulia,Italy,2025-11-19
38.084006,13.388736,Palermo,Sicily,Italy,2025-10-24
38.184170,15.570970,Messina,Sicily,Italy,2025-10-27
45.693540,13.825669,Trieste,Friuli-Venezia Giulia,Italy,2025-11-16
43.780690,11.265738,Florence,Tuscany,Italy,2025-11-22
43.769030,11.247781,Florence,Tuscany,Italy,2025-11-19
45.629767,13.781819,Trieste,Friuli-Venezia Giulia,Italy,2025-10-24
45.423913,11.856027,Padua,Veneto,Italy,2025-11-04
45.022784,7.689200,Turin,Piedmont,Italy,2025-11-18
45.388439,11.032390,Verona,Veneto,Italy,2025-10-25
45.440971,11.903195,Padua,Veneto,Italy,2025-11-04
38.092962,13.400367,Palermo,Sicily,Italy,2025-11-10
38.083439,13.388999,Palermo,Sicily,Italy,2025-11-17
45.453170,12.312584,Venice,Veneto,Italy,2025-11-03
43.749945,11.246597,Florence,Tuscany,Italy,2025-11-15
45.600518,13.742625,Trieste,Friuli-Venezia Giulia,Italy,2025-11-03
45.461565,12.364424,Venice,Veneto,Italy,2025-11-11
45.482213,10.980874,Verona,Veneto,Italy,2025-11-22
38.161663,13.355741,Palermo,Sicily,Italy,2025-11-22
45.462603,12.284260,Venice,Veneto,Italy,2025-11-12
45.460450,12.326934,Venice,Veneto,Italy,2025-11-17
43.814636,11.244582,Florence,Tuscany,Italy,2025-11-20
44.390166,8.928765,Genoa,Liguria,Italy,2025-11-03
45.427458,12.356665,Venice,Veneto,Italy,2025-11-21
45.459086,9.229009,Milan,Lombardy,Italy,2025-11-01
45.633688,13.791217,Trieste,Friuli-Venezia Giulia,Italy,2025-11-13
45.386873,11.863028,Padua,Veneto,Italy,2025-11-13
40.846097,14.295675,Naples,Campania,Italy,2025-11-15
45.462933,12.272410,Venice,Veneto,Italy,2025-11-19
45.478690,12.325583,Venice,Veneto,Italy,2025-11-18
43.810817,11.297918,Florence,Tuscany,Italy,2025-10-30
37.508814,15.067415,Catania,Sicily,Italy,2025-10-28
41.121135,16.841775,Bari,Apulia,Italy,2025-11-17
45.661545,13.816980,Trieste,Friuli-Venezia Giulia,Italy,2025-11-22
44.449985,11.387363,Bologna,Emilia-Romagna,Italy,2025-11-03
37.491912,15.048852,Catania,Sicily,Italy,2025-11-08
45.457197,11.027293,Verona,Veneto,Italy,2025-10-25
45.657117,13.731333,Trieste,Friuli-Venezia Giulia,Italy,2025-10-27
44.486952,11.348965,Bologna,Emilia-Romagna,Italy,2025-11-01
45.513835,9.151268,Milan,Lombardy,Italy,2025-11-09
45.443590,11.856123,Padua,Veneto,Italy,2025-11-17
41.861526,12.535237,Rome,Lazio,Italy,2025-11-12
38.199161,15.583097,Messina,Sicily,Italy,2025-11-21
45.486814,10.965947,Verona,Veneto,Italy,2025-11-06
43.813996,11.226976,Florence,Tuscany,Italy,2025-11-07
45.429165,12.347289,Venice,Veneto,Italy,2025-10-24
40.835602,14.292172,Naples,Campania,Italy,2025-11-09
45.693519,13.790026,Trieste,Friuli-Venezia Giulia,Italy,2025-11-11
41.862658,12.517509,Rome,Lazio,Italy,2025-11-04
44.453107,11.335595,Bologna,Emilia-Romagna,Italy,2025-11-22
37.526174,15.072646,Catania,Sicily,Italy,2025-11-21
43.752132,11.215411,Florence,Tuscany,Italy,2025-11-15
45.399470,12.334989,Venice,Veneto,Italy,2025-11-21
44.435481,8.933396,Genoa,Liguria,Italy,2025-11-11
45.468905,11.034523,Verona,Veneto,Italy,2025-11-19
38.222632,15.601598,Messina,Sicily,Italy,2025-11-18
45.512216,9.225808,Milan,Lombardy,Italy,2025-11-04
45.422794,12.362770,Venice,Veneto,Italy,2025-11-13
38.224294,15.581101,Messina,Sicily,Italy,2025-10-25
45.408733,12.341185,Venice,Veneto,Italy,2025-11-19
45.074223,7.639405,Turin,Piedmont,Italy,2025-11-17
44.360065,8.907878,Genoa,Liguria,Italy,2025-11-22
45.668043,13.801126,Trieste,Friuli-Venezia Giulia,Italy,2025-11-06
43.728201,11.278473,Florence,Tuscany,Italy,2025-10-29
38.085483,13.396435,Palermo,Sicily,Italy,2025-11-02
40.820347,14.316068,Naples,Campania,Italy,2025-11-17
44.402632,8.974838,Genoa,Liguria,Italy,2025-10-25
45.450966,12.291673,Venice,Veneto,Italy,2025-10-30
41.119475,16.889735,Bari,Apulia,Italy,2025-11-01
40.818852,14.288951,Naples,Campania,Italy,2025-11-04
41.871867,12.523886,Rome,Lazio,Italy,2025-11-09
44.507438,11.364165,Bologna,Emilia-Romagna,Italy,2025-11-10
45.494206,9.234715,Milan,Lombardy,Italy,2025-11-15
44.508542,11.330874,Bologna,Emilia-Romagna,Italy,2025-11-05
37.551374,15.083003,Catania,Sicily,Italy,2025-11-10
38.098116,13.393812,Palermo,Sicily,Italy,2025-11-03
45.415827,11.925679,Padua,Veneto,Italy,2025-11-09
45.466120,12.321157,Venice,Veneto,Italy,2025-10-28
41.127258,16.838658,Bari,Apulia,Italy,2025-11-02
37.535649,15.116231,Catania,Sicily,Italy,2025-11-18
45.497313,9.168477,Milan,Lombardy,Italy,2025-10-26
37.540059,15.099007,Catania,Sicily,Italy,2025-11-01
45.456203,11.867209,Padua,Veneto,Italy,2025-10-28
45.445966,9.206911,Milan,Lombardy,Italy,2025-11-13
38.149651,15.552214,Messina,Sicily,Italy,2025-10-26
37.546510,15.058381,Catania,Sicily,Italy,2025-10-28
44.466221,11.331493,Bologna,Emilia-Romagna,Italy,2025-11-04
37.473821,15.066045,Catania,Sicily,Italy,2025-11-06
43.742253,11.223011,Florence,Tuscany,Italy,2025-10-26
45.421869,11.904604,Padua,Veneto,Italy,2025-11-16
41.895135,12.453365,Rome,Lazio,Italy,2025-11-15
41.155404,16.880476,Bari,Apulia,Italy,2025-11-13
41.898859,12.446402,Rome,Lazio,Italy,2025-11-15
44.356732,8.987218,Genoa,Liguria,Italy,2025-10-31
45.410721,11.005342,Verona,Veneto,Italy,2025-10-25
40.868568,14.261916,Naples,Campania,Italy,2025-11-03
45.627525,13.777725,Trieste,Friuli-Venezia Giulia,Italy,2025-10-26
41.885883,12.539604,Rome,Lazio,Italy,2025-11-15
38.119633,13.395320,Palermo,Sicily,Italy,2025-11-22
41.150662,16.895691,Bari,Apulia,Italy,2025-11-09
44.503056,11.325968,Bologna,Emilia-Romagna,Italy,2025-11-06
45.454556,11.857334,Padua,Veneto,Italy,2025-11-07
41.873238,12.545717,Rome,Lazio,Italy,2025-11-13
38.235242,15.554984,Messina,Sicily,Italy,2025-11-20
41.100088,16.833449,Bari,Apulia,Italy,2025-11-01
45.602632,13.764903,Trieste,Friuli-Venezia Giulia,Italy,2025-11-22
37.473982,15.101312,Catania,Sicily,Italy,2025-11-08
45.484400,11.023589,Verona,Veneto,Italy,2025-10-31
38.077669,13.396730,Palermo,Sicily,Italy,2025-11-12
41.870824,12.526588,Rome,Lazio,Italy,2025-10-29
45.444324,12.351184,Venice,Veneto,Italy,2025-11-05
41.084844,16.913656,Bari,Apulia,Italy,2025-11-19
38.141007,13.366078,Palermo,Sicily,Italy,2025-11-01
45.446428,12.277371,Venice,Veneto,Italy,2025-11-15
45.455777,11.887229,Padua,Veneto,Italy,2025-10-29
45.092083,7.721123,Turin,Piedmont,Italy,2025-10-30
45.404547,12.292157,Venice,Veneto,Italy,2025-10-25
44.407507,8.989499,Genoa,Liguria,Italy,2025-11-06
45.418521,9.235523,Milan,Lombardy,Italy,2025-11-13
37.465077,15.102193,Catania,Sicily,Italy,2025-11-12
45.660126,13.769511,Trieste,Friuli-Venezia Giulia,Italy,2025-11-20
43.775305,11.249013,Florence,Tuscany,Italy,2025-10-27
44.436712,8.926376,Genoa,Liguria,Italy,2025-10-31
45.488471,9.152539,Milan,Lombardy,Italy,2025-11-05
45.404076,11.035455,Verona,Veneto,Italy,2025-10-28
45.673171,13.825162,Trieste,Friuli-Venezia Giulia,Italy,2025-11-20
38.222761,15.568720,Messina,Sicily,Italy,2025-11-11
45.456015,9.229681,Milan,Lombardy,Italy,2025-11-04
38.149792,13.408194,Palermo,Sicily,Italy,2025-11-01
44.405568,8.920868,Genoa,Liguria,Italy,2025-11-20
43.761147,11.275022,Florence,Tuscany,Italy,2025-10-25
41.128171,16.852549,Bari,Apulia,Italy,2025-11-07
45.438283,11.863509,Padua,Veneto,Italy,2025-10-31
41.150998,16.854273,Bari,Apulia,Italy,2025-10-27
45.452993,9.167771,Milan,Lombardy,Italy,2025-11-08
43.800350,11.235140,Florence,Tuscany,Italy,2025-10-27
38.191678,15.556294,Messina,Sicily,Italy,2025-11-02
45.118194,7.692767,Turin,Piedmont,Italy,2025-11-04
43.808591,11.232358,Florence,Tuscany,Italy,2025-10-26
40.819406,14.300472,Naples,Campania,Italy,2025-10-31
45.452545,11.830823,Padua,Veneto,Italy,2025-11-22
45.434715,10.943766,Verona,Veneto,Italy,2025-10-25
44.513111,11.299497,Bologna,Emilia-Romagna,Italy,2025-11-12
38.148896,15.529330,Messina,Sicily,Italy,2025-11-13
45.438221,10.959624,Verona,Veneto,Italy,2025-11-21
45.397382,11.828459,Padua,Veneto,Italy,2025-10-31
40.803896,14.223570,Naples,Campania,Italy,2025-11-17
45.471533,9.157728,Milan,Lombardy,Italy,2025-11-08
37.539474,15.033784,Catania,Sicily,Italy,2025-11-17
45.657801,13.761141,Trieste,Friuli-Venezia Giulia,Italy,2025-11-05
43.801751,11.258638,Florence,Tuscany,Italy,2025-11-08
45.439563,11.884344,Padua,Veneto,Italy,2025-11-06
44.380600,8.950535,Genoa,Liguria,Italy,2025-11-19
43.733909,11.223219,Florence,Tuscany,Italy,2025-11-12
41.899619,12.489811,Rome,Lazio,Italy,2025-11-22
40.866393,14.284328,Naples,Campania,Italy,2025-10-25
41.946842,12.501350,Rome,Lazio,Italy,2025-10-25
38.235447,15.570920,Messina,Sicily,Italy,2025-11-18
45.449625,9.220515,Milan,Lombardy,Italy,2025-11-04
45.642847,13.755022,Trieste,Friuli-Venezia Giulia,Italy,2025-11-20
45.481779,9.171056,Milan,Lombardy,Italy,2025-11-20
45.095879,7.722547,Turin,Piedmont,Italy,2025-10-25
37.481116,15.048297,Catania,Sicily,Italy,2025-11-17
45.402850,11.891723,Padua,Veneto,Italy,2025-10-29
40.897803,14.233551,Naples,Campania,Italy,2025-10-30
45.390701,11.034164,Verona,Veneto,Italy,2025-11-04
45.420528,11.015217,Verona,Veneto,Italy,2025-11-05
44.520800,11.297380,Bologna,Emilia-Romagna,Italy,2025-11-09
45.406443,12.273761,Venice,Veneto,Italy,2025-11-09
41.127176,16.906940,Bari,Apulia,Italy,2025-10-30
45.443820,9.238316,Milan,Lombardy,Italy,2025-11-10
45.366748,11.906173,Padua,Veneto,Italy,2025-10-27
45.084497,7.724615,Turin,Piedmont,Italy,2025-10-29
44.454845,11.323858,Bologna,Emilia-Romagna,Italy,2025-10-24
41.864950,12.526916,Rome,Lazio,Italy,2025-11-04
41.125306,16.862000,Bari,Apulia,Italy,2025-11-18
37.523277,15.072505,Catania,Sicily,Italy,2025-10-31
38.068417,13.355686,Palermo,Sicily,Italy,2025-11-17
37.530233,15.072540,Catania,Sicily,Italy,2025-11-18
41.086009,16.909481,Bari,Apulia,Italy,2025-11-17
38.086708,13.323402,Palermo,Sicily,Italy,2025-11-07
38.138633,13.398366,Palermo,Sicily,Italy,2025-11-10
44.481657,11.302105,Bologna,Emilia-Romagna,Italy,2025-10-29
38.165876,15.565026,Messina,Sicily,Italy,2025-11-13
45.437908,11.861786,Padua,Veneto,Italy,2025-11-12
44.367711,8.977106,Genoa,Liguria,Italy,2025-10-24
37.479323,15.068272,Catania,Sicily,Italy,2025-11-17
45.479245,9.233654,Milan,Lombardy,Italy,2025-11-17
45.367173,11.880496,Padua,Veneto,Italy,2025-11-20
44.452437,8.946238,Genoa,Liguria,Italy,2025-11-02
38.205463,15.558109,Messina,Sicily,Italy,2025-11-07
41.888485,12.493927,Rome,Lazio,Italy,2025-11-02
41.874753,12.527194,Rome,Lazio,Italy,2025-11-01
41.101221,16.869245,Bari,Apulia,Italy,2025-11-15
41.089383,16.844414,Bari,Apulia,Italy,2025-11-05
45.653874,13.734162,Trieste,Friuli-Venezia Giulia,Italy,2025-11-11
45.486468,9.176771,Milan,Lombardy,Italy,2025-11-02
45.642460,13.802157,Trieste,Friuli-Venezia Giulia,Italy,2025-10-29
45.450330,11.027562,Verona,Veneto,Italy,2025-11-14
44.428087,8.919637,Genoa,Liguria,Italy,2025-11-16
38.071018,13.384518,Palermo,Sicily,Italy,2025-11-15
45.695826,13.784677,Trieste,Friuli-Venezia Giulia,Italy,2025-11-01
40.877524,14.288689,Naples,Campania,Italy,2025-11-13
45.402690,11.925421,Padua,Veneto,Italy,2025-11-04
45.609393,13.755963,Trieste,Friuli-Venezia Giulia,Italy,2025-11-07
45.451818,11.009614,Verona,Veneto,Italy,2025-11-06
38.216418,15.584291,Messina,Sicily,Italy,2025-10-28
44.425694,8.947075,Genoa,Liguria,Italy,2025-11-01
37.470872,15.120410,Catania,Sicily,Italy,2025-11-08
41.147700,16.921310,Bari,Apulia,Italy,2025-11-14
44.373412,8.978554,Genoa,Liguria,Italy,2025-11-12
45.493009,9.180903,Milan,Lombardy,Italy,2025-10-27
45.395128,10.979124,Verona,Veneto,Italy,2025-10-26
41.108521,16.894364,Bari,Apulia,Italy,2025-11-10
41.935860,12.496579,Rome,Lazio,Italy,2025-11-22
37.482501,15.121109,Catania,Sicily,Italy,2025-10-30
45.470452,11.007115,Verona,Veneto,Italy,2025-11-12
41.147848,16.892215,Bari,Apulia,Italy,2025-11-09
41.160701,16.887488,Bari,Apulia,Italy,2025-11-04
38.163747,13.373433,Palermo,Sicily,Italy,2025-11-09
45.404046,11.893376,Padua,Veneto,Italy,2025-11-04
45.088623,7.667766,Turin,Piedmont,Italy,2025-11-18
40.842145,14.270556,Naples,Campania,Italy,2025-11-12
44.374843,8.912512,Genoa,Liguria,Italy,2025-11-03
45.454188,12.347550,Venice,Veneto,Italy,2025-11-15
45.445166,11.003262,Verona,Veneto,Italy,2025-11-05
41.913628,12.463228,Rome,Lazio,Italy,2025-11-14
44.502314,11.299379,Bologna,Emilia-Romagna,Italy,2025-11-22
38.067266,13.401720,Palermo,Sicily,Italy,2025-11-02
38.122445,13.325234,Palermo,Sicily,Italy,2025-10-25
